index,model,folds,class,test_set_precision,test_set_recall,test_set_micro_precision,test_set_micro_recall,test_accuracy,validation_set_precision,validation_set_recall,validation_set_micro_precision,validation_set_micro_recall,validation_accuracy
0,Logistic Regression: Full Dataset Raw,4,business,0.8786565730196203,0.966931216931217,0.8137910085054678,0.8137910085054678,0.8137910085054678,0.8854780696003359,0.9471247563352827,0.827607220039438,0.827607220039438,0.827607220039438
1,Logistic Regression: Full Dataset Raw,4,cnn,0.0,0.0,0.8137910085054678,0.8137910085054678,0.8137910085054678,0.0,0.0,0.827607220039438,0.827607220039438,0.827607220039438
2,Logistic Regression: Full Dataset Raw,4,entertainment,0.9294299450549451,0.4482758620689655,0.8137910085054678,0.8137910085054678,0.8137910085054678,0.9430555555555555,0.5517241379310345,0.827607220039438,0.827607220039438,0.827607220039438
3,Logistic Regression: Full Dataset Raw,4,health,0.7810820768969493,0.9472477064220184,0.8137910085054678,0.8137910085054678,0.8137910085054678,0.8628891232089702,0.9703919933277732,0.827607220039438,0.827607220039438,0.827607220039438
4,Logistic Regression: Full Dataset Raw,4,opinions,0.8660714285714286,0.30952380952380953,0.8137910085054678,0.8137910085054678,0.8137910085054678,0.8119444444444444,0.3413978494623656,0.827607220039438,0.827607220039438,0.827607220039438
5,Logistic Regression: Full Dataset Raw,4,politics,0.8124670124670125,0.7717391304347826,0.8137910085054678,0.8137910085054678,0.8137910085054678,0.79953628508316,0.8243815592203898,0.827607220039438,0.827607220039438,0.827607220039438
6,Logistic Regression: Full Dataset Raw,4,sport,0.9517663043478262,0.8349056603773586,0.8137910085054678,0.8137910085054678,0.8137910085054678,0.8981571757875864,0.8726415094339623,0.827607220039438,0.827607220039438,0.827607220039438
7,Logistic Regression: Full Dataset Raw,4,style,0.0,0.0,0.8137910085054678,0.8137910085054678,0.8137910085054678,0.0,0.0,0.827607220039438,0.827607220039438,0.827607220039438
8,Logistic Regression: Full Dataset Raw,4,travel,0.0,0.0,0.8137910085054678,0.8137910085054678,0.8137910085054678,0.0,0.0,0.827607220039438,0.827607220039438,0.827607220039438
9,Logistic Regression: Full Dataset Raw,4,us,0.8579006739761788,0.7423076923076923,0.8137910085054678,0.8137910085054678,0.8137910085054678,0.7893399937572869,0.6225360576923077,0.827607220039438,0.827607220039438,0.827607220039438
10,Logistic Regression: Full Dataset Raw,4,weather,0.9375,0.6521739130434783,0.8137910085054678,0.8137910085054678,0.8137910085054678,0.847943722943723,0.7576992753623188,0.827607220039438,0.827607220039438,0.827607220039438
11,Logistic Regression: Full Dataset Raw,4,world,0.7102670733653726,0.9226190476190476,0.8137910085054678,0.8137910085054678,0.8137910085054678,0.7520736019816833,0.9462058026803537,0.827607220039438,0.827607220039438,0.827607220039438
12,Logistic Regression: Full Dataset Raw,4,macro avg,0.6437617573082779,0.5496436698940308,0.8137910085054678,0.8137910085054678,0.8137910085054678,0.6325348310302288,0.5695085784538156,0.827607220039438,0.827607220039438,0.827607220039438
13,Logistic Regression: Full Dataset Raw,4,weighted avg,0.8180416036294587,0.8137910085054678,0.8137910085054678,0.8137910085054678,0.8137910085054678,0.8228258133023871,0.827607220039438,0.827607220039438,0.827607220039438,0.827607220039438
14,Logistic Regression: Derived Dataset 1,4,business,0.8999005890367147,0.9126984126984127,0.8004252733900366,0.8004252733900366,0.8004252733900366,0.9010309988332902,0.9457880813143971,0.8266970285555486,0.8266970285555486,0.8266970285555486
15,Logistic Regression: Derived Dataset 1,4,cnn,0.0,0.0,0.8004252733900366,0.8004252733900366,0.8004252733900366,0.0,0.0,0.8266970285555486,0.8266970285555486,0.8266970285555486
16,Logistic Regression: Derived Dataset 1,4,entertainment,0.7551335725677832,0.5775862068965517,0.8004252733900366,0.8004252733900366,0.8004252733900366,0.8663472540045767,0.6637931034482759,0.8266970285555486,0.8266970285555486,0.8266970285555486
17,Logistic Regression: Derived Dataset 1,4,health,0.7901942790703338,0.9587155963302754,0.8004252733900366,0.8004252733900366,0.8004252733900366,0.8587842022615108,0.9544412010008341,0.8266970285555486,0.8266970285555486,0.8266970285555486
18,Logistic Regression: Derived Dataset 1,4,opinions,0.7827528155114363,0.36904761904761907,0.8004252733900366,0.8004252733900366,0.8004252733900366,0.7823809523809524,0.3936891961085509,0.8266970285555486,0.8266970285555486,0.8266970285555486
19,Logistic Regression: Derived Dataset 1,4,politics,0.7470793219377545,0.7565217391304347,0.8004252733900366,0.8004252733900366,0.8004252733900366,0.7935130461633472,0.8242503748125937,0.8266970285555486,0.8266970285555486,0.8266970285555486
20,Logistic Regression: Derived Dataset 1,4,sport,0.9315159574468085,0.8349056603773586,0.8004252733900366,0.8004252733900366,0.8004252733900366,0.9064871803495554,0.910377358490566,0.8266970285555486,0.8266970285555486,0.8266970285555486
21,Logistic Regression: Derived Dataset 1,4,style,0.0,0.0,0.8004252733900366,0.8004252733900366,0.8004252733900366,0.0,0.0,0.8266970285555486,0.8266970285555486,0.8266970285555486
22,Logistic Regression: Derived Dataset 1,4,travel,0.0,0.0,0.8004252733900366,0.8004252733900366,0.8004252733900366,0.0,0.0,0.8266970285555486,0.8266970285555486,0.8266970285555486
23,Logistic Regression: Derived Dataset 1,4,us,0.7953195669057518,0.6846153846153846,0.8004252733900366,0.8004252733900366,0.8004252733900366,0.7480137519460301,0.5642427884615384,0.8266970285555486,0.8266970285555486,0.8266970285555486
24,Logistic Regression: Derived Dataset 1,4,weather,0.9071637426900585,0.7391304347826086,0.8004252733900366,0.8004252733900366,0.8004252733900366,0.8678300865800865,0.8106884057971016,0.8266970285555486,0.8266970285555486,0.8266970285555486
25,Logistic Regression: Derived Dataset 1,4,world,0.7155267242919682,0.8869047619047619,0.8004252733900366,0.8004252733900366,0.8004252733900366,0.7537361446084963,0.9177805104077559,0.8266970285555486,0.8266970285555486,0.8266970285555486
26,Logistic Regression: Derived Dataset 1,4,macro avg,0.6103822141215507,0.5600104846486172,0.8004252733900366,0.8004252733900366,0.8004252733900366,0.6231769680939871,0.582087584986801,0.8266970285555486,0.8266970285555486,0.8266970285555486
27,Logistic Regression: Derived Dataset 1,4,weighted avg,0.7964497984296598,0.8004252733900366,0.8004252733900366,0.8004252733900366,0.8004252733900366,0.8183036928515854,0.8266970285555486,0.8266970285555486,0.8266970285555486,0.8266970285555486
28,Logistic Regression: Derived Dataset 2,4,business,0.7825275387174451,0.9232804232804233,0.7752126366950182,0.7752126366950182,0.7752126366950182,0.7928330448285152,0.9206975772765246,0.7920302998051754,0.7920302998051754,0.7920302998051754
29,Logistic Regression: Derived Dataset 2,4,cnn,0.0,0.0,0.7752126366950182,0.7752126366950182,0.7752126366950182,0.0,0.0,0.7920302998051754,0.7920302998051754,0.7920302998051754
30,Logistic Regression: Derived Dataset 2,4,entertainment,1.0,0.10344827586206895,0.7752126366950182,0.7752126366950182,0.7752126366950182,0.8295454545454546,0.2844827586206896,0.7920302998051754,0.7920302998051754,0.7920302998051754
31,Logistic Regression: Derived Dataset 2,4,health,0.7789846250939507,0.9610091743119267,0.7752126366950182,0.7752126366950182,0.7752126366950182,0.8592097638707809,0.9521684737281069,0.7920302998051754,0.7920302998051754,0.7920302998051754
32,Logistic Regression: Derived Dataset 2,4,opinions,0.8391612200435731,0.376984126984127,0.7752126366950182,0.7752126366950182,0.7752126366950182,0.8336360398860398,0.32558883768561186,0.7920302998051754,0.7920302998051754,0.7920302998051754
33,Logistic Regression: Derived Dataset 2,4,politics,0.796881249515193,0.7739130434782608,0.7752126366950182,0.7752126366950182,0.7752126366950182,0.7942923230094503,0.8374062968515742,0.7920302998051754,0.7920302998051754,0.7920302998051754
34,Logistic Regression: Derived Dataset 2,4,sport,0.9218661372660238,0.7216981132075471,0.7752126366950182,0.7752126366950182,0.7752126366950182,0.8801270140375298,0.7547169811320755,0.7920302998051754,0.7920302998051754,0.7920302998051754
35,Logistic Regression: Derived Dataset 2,4,style,0.0,0.0,0.7752126366950182,0.7752126366950182,0.7752126366950182,0.0,0.0,0.7920302998051754,0.7920302998051754,0.7920302998051754
36,Logistic Regression: Derived Dataset 2,4,travel,0.0,0.0,0.7752126366950182,0.7752126366950182,0.7752126366950182,0.0,0.0,0.7920302998051754,0.7920302998051754,0.7920302998051754
37,Logistic Regression: Derived Dataset 2,4,us,0.8196036234422701,0.6807692307692308,0.7752126366950182,0.7752126366950182,0.7752126366950182,0.7769918597671162,0.5758413461538462,0.7920302998051754,0.7920302998051754,0.7920302998051754
38,Logistic Regression: Derived Dataset 2,4,weather,0.9821428571428572,0.5108695652173912,0.7752126366950182,0.7752126366950182,0.7752126366950182,0.9342105263157894,0.6109601449275363,0.7920302998051754,0.7920302998051754,0.7920302998051754
39,Logistic Regression: Derived Dataset 2,4,world,0.6918616567131703,0.8854166666666666,0.7752126366950182,0.7752126366950182,0.7752126366950182,0.7242277037178247,0.9327773025377816,0.7920302998051754,0.7920302998051754,0.7920302998051754
40,Logistic Regression: Derived Dataset 2,4,macro avg,0.6344190756612069,0.4947823849814702,0.7752126366950182,0.7752126366950182,0.7752126366950182,0.618756144164875,0.5162199765761456,0.7920302998051754,0.7920302998051754,0.7920302998051754
41,Logistic Regression: Derived Dataset 2,4,weighted avg,0.7864771741807718,0.7752126366950182,0.7752126366950182,0.7752126366950182,0.7752126366950182,0.7926705184931999,0.7920302998051754,0.7920302998051754,0.7920302998051754,0.7920302998051754
42,Logistic Regression: Derived Dataset 3,4,business,0.8851188341305132,0.9351851851851851,0.8080194410692588,0.8080194410692588,0.8080194410692588,0.8938948779715866,0.9444583681425787,0.8251763472903418,0.8251763472903418,0.8251763472903418
43,Logistic Regression: Derived Dataset 3,4,cnn,0.0,0.0,0.8080194410692588,0.8080194410692588,0.8080194410692588,0.0,0.0,0.8251763472903418,0.8251763472903418,0.8251763472903418
44,Logistic Regression: Derived Dataset 3,4,entertainment,0.8498688811188811,0.3879310344827586,0.8080194410692588,0.8080194410692588,0.8080194410692588,0.8629518872939926,0.5862068965517241,0.8251763472903418,0.8251763472903418,0.8251763472903418
45,Logistic Regression: Derived Dataset 3,4,health,0.7886248994924369,0.9564220183486238,0.8080194410692588,0.8080194410692588,0.8080194410692588,0.8720666992085697,0.9589658048373646,0.8251763472903418,0.8251763472903418,0.8251763472903418
46,Logistic Regression: Derived Dataset 3,4,opinions,0.8262499999999999,0.3412698412698412,0.8080194410692588,0.8080194410692588,0.8080194410692588,0.8221343873517787,0.29723502304147464,0.8251763472903418,0.8251763472903418,0.8251763472903418
47,Logistic Regression: Derived Dataset 3,4,politics,0.8111874098484051,0.7739130434782608,0.8080194410692588,0.8080194410692588,0.8080194410692588,0.8043791883181418,0.8416979010494752,0.8251763472903418,0.8251763472903418,0.8251763472903418
48,Logistic Regression: Derived Dataset 3,4,sport,0.9377925531914894,0.8537735849056605,0.8080194410692588,0.8080194410692588,0.8080194410692588,0.9033570249580238,0.8820754716981132,0.8251763472903418,0.8251763472903418,0.8251763472903418
49,Logistic Regression: Derived Dataset 3,4,style,0.0,0.0,0.8080194410692588,0.8080194410692588,0.8080194410692588,0.0,0.0,0.8251763472903418,0.8251763472903418,0.8251763472903418
50,Logistic Regression: Derived Dataset 3,4,travel,0.0,0.0,0.8080194410692588,0.8080194410692588,0.8080194410692588,0.0,0.0,0.8251763472903418,0.8251763472903418,0.8251763472903418
51,Logistic Regression: Derived Dataset 3,4,us,0.8374620027892967,0.7076923076923077,0.8080194410692588,0.8080194410692588,0.8080194410692588,0.7638219510527755,0.6030048076923077,0.8251763472903418,0.8251763472903418,0.8251763472903418
52,Logistic Regression: Derived Dataset 3,4,weather,0.9433533281733746,0.7065217391304348,0.8080194410692588,0.8080194410692588,0.8080194410692588,0.8649703557312253,0.7894021739130435,0.8251763472903418,0.8251763472903418,0.8251763472903418
53,Logistic Regression: Derived Dataset 3,4,world,0.6987062832819714,0.9211309523809524,0.8080194410692588,0.8080194410692588,0.8080194410692588,0.7366442934027171,0.943202879954377,0.8251763472903418,0.8251763472903418,0.8251763472903418
54,Logistic Regression: Derived Dataset 3,4,macro avg,0.6315303493355306,0.5486533089061688,0.8080194410692588,0.8080194410692588,0.8080194410692588,0.6270183887740676,0.5705207772400381,0.8251763472903418,0.8251763472903418,0.8251763472903418
55,Logistic Regression: Derived Dataset 3,4,weighted avg,0.8097835856867178,0.8080194410692588,0.8080194410692588,0.8080194410692588,0.8080194410692588,0.8203253744425256,0.8251763472903418,0.8251763472903418,0.8251763472903418,0.8251763472903418
56,MLP Default: Full Dataset Raw,4,business,0.9252709845157115,0.9312169312169313,0.8636087484811665,0.8636087484811665,0.8636087484811665,0.9313937696290637,0.9497563352826511,0.8713928627388375,0.8713928627388375,0.8713928627388375
57,MLP Default: Full Dataset Raw,4,cnn,0.0,0.0,0.8636087484811665,0.8636087484811665,0.8636087484811665,0.5,0.25,0.8713928627388375,0.8713928627388375,0.8713928627388375
58,MLP Default: Full Dataset Raw,4,entertainment,0.8201752548526742,0.8620689655172413,0.8636087484811665,0.8636087484811665,0.8636087484811665,0.8428879310344828,0.8017241379310345,0.8713928627388375,0.8713928627388375,0.8713928627388375
59,MLP Default: Full Dataset Raw,4,health,0.854829304706573,0.9564220183486238,0.8636087484811665,0.8636087484811665,0.8636087484811665,0.8963155075004869,0.9635321100917431,0.8713928627388375,0.8713928627388375,0.8713928627388375
60,MLP Default: Full Dataset Raw,4,opinions,0.7578157496691247,0.5079365079365079,0.8636087484811665,0.8636087484811665,0.8636087484811665,0.8538279132791328,0.5704685099846389,0.8713928627388375,0.8713928627388375,0.8713928627388375
61,MLP Default: Full Dataset Raw,4,politics,0.8459431269213878,0.8217391304347825,0.8636087484811665,0.8636087484811665,0.8636087484811665,0.8638472253766372,0.8872563718140929,0.8713928627388375,0.8713928627388375,0.8713928627388375
62,MLP Default: Full Dataset Raw,4,sport,0.962438853948288,0.9669811320754718,0.8636087484811665,0.8636087484811665,0.8636087484811665,0.9146769647443502,0.910377358490566,0.8713928627388375,0.8713928627388375,0.8713928627388375
63,MLP Default: Full Dataset Raw,4,style,0.0,0.0,0.8636087484811665,0.8636087484811665,0.8636087484811665,0.0,0.0,0.8713928627388375,0.8713928627388375,0.8713928627388375
64,MLP Default: Full Dataset Raw,4,travel,0.0,0.0,0.8636087484811665,0.8636087484811665,0.8636087484811665,0.625,0.25,0.8713928627388375,0.8713928627388375,0.8713928627388375
65,MLP Default: Full Dataset Raw,4,us,0.846685295551223,0.8269230769230769,0.8636087484811665,0.8636087484811665,0.8636087484811665,0.7489806811750784,0.7121394230769231,0.8713928627388375,0.8713928627388375,0.8713928627388375
66,MLP Default: Full Dataset Raw,4,weather,0.8265217391304347,0.8804347826086957,0.8636087484811665,0.8636087484811665,0.8636087484811665,0.8405731225296442,0.842391304347826,0.8713928627388375,0.8713928627388375,0.8713928627388375
67,MLP Default: Full Dataset Raw,4,world,0.8311365372797184,0.9151785714285715,0.8636087484811665,0.8636087484811665,0.8636087484811665,0.8403936010735178,0.925256629597947,0.8713928627388375,0.8713928627388375,0.8713928627388375
68,MLP Default: Full Dataset Raw,4,macro avg,0.6392347372145946,0.6390750930408252,0.8636087484811665,0.8636087484811665,0.8636087484811665,0.7381580596951995,0.6719085150514519,0.8713928627388375,0.8713928627388375,0.8713928627388375
69,MLP Default: Full Dataset Raw,4,weighted avg,0.8524280513188449,0.8636087484811665,0.8636087484811665,0.8636087484811665,0.8636087484811665,0.8656594363177199,0.8713928627388375,0.8713928627388375,0.8713928627388375,0.8713928627388375
70,MLP Default: Derived Dataset 1,4,business,0.9062830512956108,0.8915343915343915,0.8268529769137303,0.8268529769137303,0.8268529769137303,0.9313380458150965,0.9471177944862155,0.8488926927477362,0.8488926927477362,0.8488926927477362
71,MLP Default: Derived Dataset 1,4,cnn,0.0,0.0,0.8268529769137303,0.8268529769137303,0.8268529769137303,0.5,0.25,0.8488926927477362,0.8488926927477362,0.8488926927477362
72,MLP Default: Derived Dataset 1,4,entertainment,0.7769778549249612,0.8706896551724137,0.8268529769137303,0.8268529769137303,0.8268529769137303,0.8238126815713023,0.8017241379310345,0.8488926927477362,0.8488926927477362,0.8488926927477362
73,MLP Default: Derived Dataset 1,4,health,0.8374520355434153,0.9564220183486238,0.8268529769137303,0.8268529769137303,0.8268529769137303,0.8915671326832729,0.9498957464553796,0.8488926927477362,0.8488926927477362,0.8488926927477362
74,MLP Default: Derived Dataset 1,4,opinions,0.7944609444609445,0.4722222222222222,0.8268529769137303,0.8268529769137303,0.8268529769137303,0.7573489010989012,0.4817588325652842,0.8488926927477362,0.8488926927477362,0.8488926927477362
75,MLP Default: Derived Dataset 1,4,politics,0.7816770439884855,0.7782608695652173,0.8268529769137303,0.8268529769137303,0.8268529769137303,0.8260132943512798,0.8503185907046477,0.8488926927477362,0.8488926927477362,0.8488926927477362
76,MLP Default: Derived Dataset 1,4,sport,0.9411651583710408,0.9056603773584906,0.8268529769137303,0.8268529769137303,0.8268529769137303,0.9126353276353276,0.8867924528301887,0.8488926927477362,0.8488926927477362,0.8488926927477362
77,MLP Default: Derived Dataset 1,4,style,0.0,0.0,0.8268529769137303,0.8268529769137303,0.8268529769137303,0.25,0.0625,0.8488926927477362,0.8488926927477362,0.8488926927477362
78,MLP Default: Derived Dataset 1,4,travel,0.0,0.0,0.8268529769137303,0.8268529769137303,0.8268529769137303,0.625,0.25,0.8488926927477362,0.8488926927477362,0.8488926927477362
79,MLP Default: Derived Dataset 1,4,us,0.7689415644989339,0.7923076923076923,0.8268529769137303,0.8268529769137303,0.8268529769137303,0.686608322391272,0.6733774038461539,0.8488926927477362,0.8488926927477362,0.8488926927477362
80,MLP Default: Derived Dataset 1,4,weather,0.7658514492753623,0.782608695652174,0.8268529769137303,0.8268529769137303,0.8268529769137303,0.8517727743271221,0.8849637681159419,0.8488926927477362,0.8488926927477362,0.8488926927477362
81,MLP Default: Derived Dataset 1,4,world,0.7815166610379376,0.8675595238095238,0.8268529769137303,0.8268529769137303,0.8268529769137303,0.816772556212898,0.8998342600513258,0.8488926927477362,0.8488926927477362,0.8488926927477362
82,MLP Default: Derived Dataset 1,4,macro avg,0.6128604802830576,0.6097721204975626,0.8268529769137303,0.8268529769137303,0.8268529769137303,0.7394057530072062,0.6615235822488476,0.8488926927477362,0.8488926927477362,0.8488926927477362
83,MLP Default: Derived Dataset 1,4,weighted avg,0.8187343419142705,0.8268529769137303,0.8268529769137303,0.8268529769137303,0.8268529769137303,0.8435028106925049,0.8488926927477362,0.8488926927477362,0.8488926927477362,0.8488926927477362
84,MLP Default: Derived Dataset 2,4,business,0.8613127725301233,0.8955026455026455,0.8238153098420413,0.8238153098420413,0.8238153098420413,0.9054767539297257,0.9220133667502088,0.848284050695781,0.848284050695781,0.848284050695781
85,MLP Default: Derived Dataset 2,4,cnn,0.0,0.0,0.8238153098420413,0.8238153098420413,0.8238153098420413,0.5,0.25,0.848284050695781,0.848284050695781,0.848284050695781
86,MLP Default: Derived Dataset 2,4,entertainment,0.7767739613327849,0.5603448275862069,0.8238153098420413,0.8238153098420413,0.8238153098420413,0.8346698872785829,0.7327586206896552,0.848284050695781,0.848284050695781,0.848284050695781
87,MLP Default: Derived Dataset 2,4,health,0.8235670731707316,0.9518348623853211,0.8238153098420413,0.8238153098420413,0.8238153098420413,0.8832539216684535,0.96128023352794,0.848284050695781,0.848284050695781,0.848284050695781
88,MLP Default: Derived Dataset 2,4,opinions,0.656185974389756,0.5158730158730158,0.8238153098420413,0.8238153098420413,0.8238153098420413,0.750498393507908,0.5022401433691757,0.848284050695781,0.848284050695781,0.848284050695781
89,MLP Default: Derived Dataset 2,4,politics,0.800290027515431,0.817391304347826,0.8238153098420413,0.8238153098420413,0.8238153098420413,0.8321229677152506,0.8698088455772114,0.848284050695781,0.848284050695781,0.848284050695781
90,MLP Default: Derived Dataset 2,4,sport,0.956748188405797,0.839622641509434,0.8238153098420413,0.8238153098420413,0.8238153098420413,0.8943001366003587,0.8773584905660377,0.848284050695781,0.848284050695781,0.848284050695781
91,MLP Default: Derived Dataset 2,4,style,0.0,0.0,0.8238153098420413,0.8238153098420413,0.8238153098420413,0.0,0.0,0.848284050695781,0.848284050695781,0.848284050695781
92,MLP Default: Derived Dataset 2,4,travel,0.0,0.0,0.8238153098420413,0.8238153098420413,0.8238153098420413,0.75,0.25,0.848284050695781,0.848284050695781,0.848284050695781
93,MLP Default: Derived Dataset 2,4,us,0.8273999177758363,0.7461538461538462,0.8238153098420413,0.8238153098420413,0.8238153098420413,0.7453116457080371,0.6887620192307693,0.848284050695781,0.848284050695781,0.848284050695781
94,MLP Default: Derived Dataset 2,4,weather,0.8585227272727273,0.8369565217391304,0.8238153098420413,0.8238153098420413,0.8238153098420413,0.8251048951048952,0.8206521739130435,0.848284050695781,0.848284050695781,0.848284050695781
95,MLP Default: Derived Dataset 2,4,world,0.8130886205354291,0.8928571428571428,0.8238153098420413,0.8238153098420413,0.8238153098420413,0.8267184970383369,0.9163191474194468,0.848284050695781,0.848284050695781,0.848284050695781
96,MLP Default: Derived Dataset 2,4,macro avg,0.614490771910718,0.5880447339962142,0.8238153098420413,0.8238153098420413,0.8238153098420413,0.728954758212629,0.649266086753624,0.848284050695781,0.848284050695781,0.848284050695781
97,MLP Default: Derived Dataset 2,4,weighted avg,0.8132320765874173,0.8238153098420413,0.8238153098420413,0.8238153098420413,0.8238153098420413,0.8410436989008352,0.848284050695781,0.848284050695781,0.848284050695781,0.848284050695781
98,MLP Default: Derived Dataset 3,4,business,0.9226171273307603,0.9259259259259259,0.8469015795868773,0.8469015795868773,0.8469015795868773,0.9288311003775899,0.94578111946533,0.8583183297709112,0.8583183297709112,0.8583183297709112
99,MLP Default: Derived Dataset 3,4,cnn,0.0,0.0,0.8469015795868773,0.8469015795868773,0.8469015795868773,0.5,0.25,0.8583183297709112,0.8583183297709112,0.8583183297709112
100,MLP Default: Derived Dataset 3,4,entertainment,0.7792126931417729,0.8362068965517242,0.8469015795868773,0.8469015795868773,0.8469015795868773,0.8024553571428572,0.8017241379310345,0.8583183297709112,0.8583183297709112,0.8583183297709112
101,MLP Default: Derived Dataset 3,4,health,0.8277765376984126,0.9587155963302754,0.8469015795868773,0.8469015795868773,0.8469015795868773,0.8959012862447295,0.9567139282735613,0.8583183297709112,0.8583183297709112,0.8583183297709112
102,MLP Default: Derived Dataset 3,4,opinions,0.7016707059248183,0.47619047619047616,0.8469015795868773,0.8469015795868773,0.8469015795868773,0.7737242332830568,0.47395033282130056,0.8583183297709112,0.8583183297709112,0.8583183297709112
103,MLP Default: Derived Dataset 3,4,politics,0.83757055302523,0.8065217391304348,0.8469015795868773,0.8469015795868773,0.8469015795868773,0.8347603693251673,0.882852323838081,0.8583183297709112,0.8583183297709112,0.8583183297709112
104,MLP Default: Derived Dataset 3,4,sport,0.9555649182750023,0.9056603773584906,0.8469015795868773,0.8469015795868773,0.8469015795868773,0.9160309991810913,0.9198113207547169,0.8583183297709112,0.8583183297709112,0.8583183297709112
105,MLP Default: Derived Dataset 3,4,style,0.0,0.0,0.8469015795868773,0.8469015795868773,0.8469015795868773,0.0,0.0,0.8583183297709112,0.8583183297709112,0.8583183297709112
106,MLP Default: Derived Dataset 3,4,travel,0.0,0.0,0.8469015795868773,0.8469015795868773,0.8469015795868773,0.625,0.25,0.8583183297709112,0.8583183297709112,0.8583183297709112
107,MLP Default: Derived Dataset 3,4,us,0.8159070655098197,0.7807692307692308,0.8469015795868773,0.8469015795868773,0.8469015795868773,0.737813220389217,0.6888221153846154,0.8583183297709112,0.8583183297709112,0.8583183297709112
108,MLP Default: Derived Dataset 3,4,weather,0.8849378881987577,0.8369565217391305,0.8469015795868773,0.8469015795868773,0.8469015795868773,0.8287256852343059,0.9057971014492754,0.8583183297709112,0.8583183297709112,0.8583183297709112
109,MLP Default: Derived Dataset 3,4,world,0.81122893794687,0.9077380952380952,0.8469015795868773,0.8469015795868773,0.8469015795868773,0.8343037497644621,0.9058222840034217,0.8583183297709112,0.8583183297709112,0.8583183297709112
110,MLP Default: Derived Dataset 3,4,macro avg,0.6280405355876203,0.6195570716028151,0.8469015795868773,0.8469015795868773,0.8469015795868773,0.7231288334118731,0.6651062219934447,0.8583183297709112,0.8583183297709112,0.8583183297709112
111,MLP Default: Derived Dataset 3,4,weighted avg,0.8360197433502747,0.8469015795868773,0.8469015795868773,0.8469015795868773,0.8469015795868773,0.8510899326455656,0.8583183297709112,0.8583183297709112,0.8583183297709112,0.8583183297709112
112,"MLP Hidden Layer (20,20,): Full Dataset Raw",4,business,0.9194202435463729,0.9206349206349205,0.8469015795868773,0.8469015795868773,0.8469015795868773,0.9292742212155167,0.9352199944305207,0.8558867179300701,0.8558867179300701,0.8558867179300701
113,"MLP Hidden Layer (20,20,): Full Dataset Raw",4,cnn,0.0,0.0,0.8469015795868773,0.8469015795868773,0.8469015795868773,0.25,0.25,0.8558867179300701,0.8558867179300701,0.8558867179300701
114,"MLP Hidden Layer (20,20,): Full Dataset Raw",4,entertainment,0.8050611790878754,0.8189655172413792,0.8469015795868773,0.8469015795868773,0.8469015795868773,0.7209434618441971,0.8275862068965517,0.8558867179300701,0.8558867179300701,0.8558867179300701
115,"MLP Hidden Layer (20,20,): Full Dataset Raw",4,health,0.8313546376321266,0.9472477064220184,0.8469015795868773,0.8469015795868773,0.8469015795868773,0.9101686213167952,0.9430358632193494,0.8558867179300701,0.8558867179300701,0.8558867179300701
116,"MLP Hidden Layer (20,20,): Full Dataset Raw",4,opinions,0.685820677473924,0.503968253968254,0.8469015795868773,0.8469015795868773,0.8469015795868773,0.6881124807395994,0.5462749615975422,0.8558867179300701,0.8558867179300701,0.8558867179300701
117,"MLP Hidden Layer (20,20,): Full Dataset Raw",4,politics,0.8206629034380896,0.8347826086956522,0.8469015795868773,0.8469015795868773,0.8469015795868773,0.832428353964148,0.8937593703148426,0.8558867179300701,0.8558867179300701,0.8558867179300701
118,"MLP Hidden Layer (20,20,): Full Dataset Raw",4,sport,0.9444349151896321,0.9622641509433962,0.8469015795868773,0.8469015795868773,0.8469015795868773,0.8997004515400742,0.8867924528301887,0.8558867179300701,0.8558867179300701,0.8558867179300701
119,"MLP Hidden Layer (20,20,): Full Dataset Raw",4,style,0.0,0.0,0.8469015795868773,0.8469015795868773,0.8469015795868773,0.0,0.0,0.8558867179300701,0.8558867179300701,0.8558867179300701
120,"MLP Hidden Layer (20,20,): Full Dataset Raw",4,travel,0.0,0.0,0.8469015795868773,0.8469015795868773,0.8469015795868773,0.5833333333333334,0.25,0.8558867179300701,0.8558867179300701,0.8558867179300701
121,"MLP Hidden Layer (20,20,): Full Dataset Raw",4,us,0.8654556650246306,0.7653846153846153,0.8469015795868773,0.8469015795868773,0.8469015795868773,0.7710398343338453,0.6419471153846154,0.8558867179300701,0.8558867179300701,0.8558867179300701
122,"MLP Hidden Layer (20,20,): Full Dataset Raw",4,weather,0.7068548387096774,0.9130434782608695,0.8469015795868773,0.8469015795868773,0.8469015795868773,0.8173076923076923,0.9479166666666667,0.8558867179300701,0.8558867179300701,0.8558867179300701
123,"MLP Hidden Layer (20,20,): Full Dataset Raw",4,world,0.8359194851217424,0.8720238095238095,0.8469015795868773,0.8469015795868773,0.8469015795868773,0.8581439151869477,0.8983461648132306,0.8558867179300701,0.8558867179300701,0.8558867179300701
124,"MLP Hidden Layer (20,20,): Full Dataset Raw",4,macro avg,0.6179153787686725,0.6281929217562429,0.8469015795868773,0.8469015795868773,0.8469015795868773,0.6883710304818458,0.6684065663461257,0.8558867179300701,0.8558867179300701,0.8558867179300701
125,"MLP Hidden Layer (20,20,): Full Dataset Raw",4,weighted avg,0.8363543084135833,0.8469015795868773,0.8469015795868773,0.8469015795868773,0.8469015795868773,0.848686849735007,0.8558867179300701,0.8558867179300701,0.8558867179300701,0.8558867179300701
126,"MLP Hidden Layer (20,20,): Derived Dataset 1",4,business,0.8987215292306477,0.9007936507936507,0.8150060753341433,0.8150060753341433,0.8150060753341433,0.9004596255082931,0.9391882483987747,0.8346030929511342,0.8346030929511342,0.8346030929511342
127,"MLP Hidden Layer (20,20,): Derived Dataset 1",4,cnn,0.0,0.0,0.8150060753341433,0.8150060753341433,0.8150060753341433,0.25,0.25,0.8346030929511342,0.8346030929511342,0.8346030929511342
128,"MLP Hidden Layer (20,20,): Derived Dataset 1",4,entertainment,0.7167931688804554,0.7844827586206897,0.8150060753341433,0.8150060753341433,0.8150060753341433,0.805355235042735,0.7758620689655172,0.8346030929511342,0.8346030929511342,0.8346030929511342
129,"MLP Hidden Layer (20,20,): Derived Dataset 1",4,health,0.83979048046671,0.9243119266055047,0.8150060753341433,0.8150060753341433,0.8150060753341433,0.8913172762414511,0.9339658048373645,0.8346030929511342,0.8346030929511342,0.8346030929511342
130,"MLP Hidden Layer (20,20,): Derived Dataset 1",4,opinions,0.607022818378045,0.4444444444444444,0.8150060753341433,0.8150060753341433,0.8150060753341433,0.7013668890648874,0.47382232462877627,0.8346030929511342,0.8346030929511342,0.8346030929511342
131,"MLP Hidden Layer (20,20,): Derived Dataset 1",4,politics,0.7689745962533268,0.7956521739130435,0.8150060753341433,0.8150060753341433,0.8150060753341433,0.796811940846104,0.8373313343328337,0.8346030929511342,0.8346030929511342,0.8346030929511342
132,"MLP Hidden Layer (20,20,): Derived Dataset 1",4,sport,0.9199283751962323,0.8632075471698114,0.8150060753341433,0.8150060753341433,0.8150060753341433,0.8450291088222123,0.8962264150943395,0.8346030929511342,0.8346030929511342,0.8346030929511342
133,"MLP Hidden Layer (20,20,): Derived Dataset 1",4,style,0.0,0.0,0.8150060753341433,0.8150060753341433,0.8150060753341433,0.25,0.0625,0.8346030929511342,0.8346030929511342,0.8346030929511342
134,"MLP Hidden Layer (20,20,): Derived Dataset 1",4,travel,0.0,0.0,0.8150060753341433,0.8150060753341433,0.8150060753341433,0.3333333333333333,0.25,0.8346030929511342,0.8346030929511342,0.8346030929511342
135,"MLP Hidden Layer (20,20,): Derived Dataset 1",4,us,0.7643528026882395,0.7692307692307692,0.8150060753341433,0.8150060753341433,0.8150060753341433,0.7261873666797265,0.6421875,0.8346030929511342,0.8346030929511342,0.8346030929511342
136,"MLP Hidden Layer (20,20,): Derived Dataset 1",4,weather,0.7218406593406594,0.8152173913043478,0.8150060753341433,0.8150060753341433,0.8150060753341433,0.8217424242424243,0.90625,0.8346030929511342,0.8346030929511342,0.8346030929511342
137,"MLP Hidden Layer (20,20,): Derived Dataset 1",4,world,0.8241828606929587,0.8511904761904763,0.8150060753341433,0.8150060753341433,0.8150060753341433,0.8323807772940957,0.871444610778443,0.8346030929511342,0.8346030929511342,0.8346030929511342
138,"MLP Hidden Layer (20,20,): Derived Dataset 1",4,macro avg,0.5884672742606062,0.5957109281893949,0.8150060753341433,0.8150060753341433,0.8150060753341433,0.6794986647562719,0.6532315255863375,0.8346030929511342,0.8346030929511342,0.8346030929511342
139,"MLP Hidden Layer (20,20,): Derived Dataset 1",4,weighted avg,0.8048131728327272,0.8150060753341433,0.8150060753341433,0.8150060753341433,0.8150060753341433,0.8267377628192935,0.8346030929511342,0.8346030929511342,0.8346030929511342,0.8346030929511342
140,"MLP Hidden Layer (20,20,): Derived Dataset 2",4,business,0.8134321856704767,0.8941798941798942,0.8004252733900364,0.8004252733900364,0.8004252733900364,0.8635357229317114,0.900877192982456,0.8184853497234319,0.8184853497234319,0.8184853497234319
141,"MLP Hidden Layer (20,20,): Derived Dataset 2",4,cnn,0.0,0.0,0.8004252733900364,0.8004252733900364,0.8004252733900364,0.09166666666666667,0.25,0.8184853497234319,0.8184853497234319,0.8184853497234319
142,"MLP Hidden Layer (20,20,): Derived Dataset 2",4,entertainment,0.777106983144135,0.5172413793103449,0.8004252733900364,0.8004252733900364,0.8004252733900364,0.7491765480895917,0.603448275862069,0.8184853497234319,0.8184853497234319,0.8184853497234319
143,"MLP Hidden Layer (20,20,): Derived Dataset 2",4,health,0.8707097918089999,0.8944954128440368,0.8004252733900364,0.8004252733900364,0.8004252733900364,0.9002140670323366,0.93628023352794,0.8184853497234319,0.8184853497234319,0.8184853497234319
144,"MLP Hidden Layer (20,20,): Derived Dataset 2",4,opinions,0.6454876800218415,0.503968253968254,0.8004252733900364,0.8004252733900364,0.8004252733900364,0.7014156908021332,0.5022401433691757,0.8184853497234319,0.8184853497234319,0.8184853497234319
145,"MLP Hidden Layer (20,20,): Derived Dataset 2",4,politics,0.785764197331467,0.8369565217391304,0.8004252733900364,0.8004252733900364,0.8004252733900364,0.8014976039431216,0.8611506746626687,0.8184853497234319,0.8184853497234319,0.8184853497234319
146,"MLP Hidden Layer (20,20,): Derived Dataset 2",4,sport,0.8333333333333333,0.8726415094339623,0.8004252733900364,0.8004252733900364,0.8004252733900364,0.8086963372047887,0.8773584905660378,0.8184853497234319,0.8184853497234319,0.8184853497234319
147,"MLP Hidden Layer (20,20,): Derived Dataset 2",4,style,0.0,0.0,0.8004252733900364,0.8004252733900364,0.8004252733900364,0.0,0.0,0.8184853497234319,0.8184853497234319,0.8184853497234319
148,"MLP Hidden Layer (20,20,): Derived Dataset 2",4,travel,0.0,0.0,0.8004252733900364,0.8004252733900364,0.8004252733900364,0.75,0.25,0.8184853497234319,0.8184853497234319,0.8184853497234319
149,"MLP Hidden Layer (20,20,): Derived Dataset 2",4,us,0.7629150832928284,0.676923076923077,0.8004252733900364,0.8004252733900364,0.8004252733900364,0.7017409749513823,0.6304086538461539,0.8184853497234319,0.8184853497234319,0.8184853497234319
150,"MLP Hidden Layer (20,20,): Derived Dataset 2",4,weather,0.7605519480519481,0.8369565217391305,0.8004252733900364,0.8004252733900364,0.8004252733900364,0.7795258620689656,0.8740942028985508,0.8184853497234319,0.8184853497234319,0.8184853497234319
151,"MLP Hidden Layer (20,20,): Derived Dataset 2",4,world,0.830748911255662,0.8318452380952381,0.8004252733900364,0.8004252733900364,0.8004252733900364,0.8348873479910301,0.8534983604220131,0.8184853497234319,0.8184853497234319,0.8184853497234319
152,"MLP Hidden Layer (20,20,): Derived Dataset 2",4,macro avg,0.5900041761592243,0.572100650686089,0.8004252733900364,0.8004252733900364,0.8004252733900364,0.6651964018068107,0.6282796856780888,0.8184853497234319,0.8184853497234319,0.8184853497234319
153,"MLP Hidden Layer (20,20,): Derived Dataset 2",4,weighted avg,0.7934695242058593,0.8004252733900364,0.8004252733900364,0.8004252733900364,0.8004252733900364,0.8130509883787986,0.8184853497234319,0.8184853497234319,0.8184853497234319,0.8184853497234319
154,"MLP Hidden Layer (20,20,): Derived Dataset 3",4,business,0.9116500837298079,0.9140211640211641,0.830801944106926,0.830801944106926,0.830801944106926,0.9269763180410653,0.9352478418267891,0.8488926927477362,0.8488926927477362,0.8488926927477362
155,"MLP Hidden Layer (20,20,): Derived Dataset 3",4,cnn,0.0,0.0,0.830801944106926,0.830801944106926,0.830801944106926,0.375,0.25,0.8488926927477362,0.8488926927477362,0.8488926927477362
156,"MLP Hidden Layer (20,20,): Derived Dataset 3",4,entertainment,0.7853128991060025,0.7413793103448275,0.830801944106926,0.830801944106926,0.830801944106926,0.7587181337181337,0.7931034482758621,0.8488926927477362,0.8488926927477362,0.8488926927477362
157,"MLP Hidden Layer (20,20,): Derived Dataset 3",4,health,0.8520254820936639,0.9495412844036698,0.830801944106926,0.830801944106926,0.830801944106926,0.8896271673485291,0.9521476230191828,0.8488926927477362,0.8488926927477362,0.8488926927477362
158,"MLP Hidden Layer (20,20,): Derived Dataset 3",4,opinions,0.6224874674636074,0.4246031746031746,0.830801944106926,0.830801944106926,0.830801944106926,0.7414651493598862,0.4739503328213006,0.8488926927477362,0.8488926927477362,0.8488926927477362
159,"MLP Hidden Layer (20,20,): Derived Dataset 3",4,politics,0.8202976907542417,0.8021739130434782,0.830801944106926,0.830801944106926,0.830801944106926,0.8230176076470659,0.8828148425787107,0.8488926927477362,0.8488926927477362,0.8488926927477362
160,"MLP Hidden Layer (20,20,): Derived Dataset 3",4,sport,0.9402941176470588,0.8915094339622641,0.830801944106926,0.830801944106926,0.830801944106926,0.9101830459647171,0.9009433962264151,0.8488926927477362,0.8488926927477362,0.8488926927477362
161,"MLP Hidden Layer (20,20,): Derived Dataset 3",4,style,0.0,0.0,0.830801944106926,0.830801944106926,0.830801944106926,0.5,0.16666666666666666,0.8488926927477362,0.8488926927477362,0.8488926927477362
162,"MLP Hidden Layer (20,20,): Derived Dataset 3",4,travel,0.0,0.0,0.830801944106926,0.830801944106926,0.830801944106926,0.5,0.25,0.8488926927477362,0.8488926927477362,0.8488926927477362
163,"MLP Hidden Layer (20,20,): Derived Dataset 3",4,us,0.7742886453823954,0.7653846153846153,0.830801944106926,0.830801944106926,0.830801944106926,0.7362551085818766,0.66171875,0.8488926927477362,0.8488926927477362,0.8488926927477362
164,"MLP Hidden Layer (20,20,): Derived Dataset 3",4,weather,0.7361295313881521,0.8804347826086957,0.830801944106926,0.830801944106926,0.830801944106926,0.7845447175285885,0.9166666666666666,0.8488926927477362,0.8488926927477362,0.8488926927477362
165,"MLP Hidden Layer (20,20,): Derived Dataset 3",4,world,0.8019244841053352,0.8913690476190477,0.830801944106926,0.830801944106926,0.830801944106926,0.8312685395361012,0.8879205873966353,0.8488926927477362,0.8488926927477362,0.8488926927477362
166,"MLP Hidden Layer (20,20,): Derived Dataset 3",4,macro avg,0.6037008668058554,0.6050347271659114,0.830801944106926,0.830801944106926,0.830801944106926,0.7314213156438303,0.6725983462898524,0.8488926927477362,0.8488926927477362,0.8488926927477362
167,"MLP Hidden Layer (20,20,): Derived Dataset 3",4,weighted avg,0.8181243074980995,0.830801944106926,0.830801944106926,0.830801944106926,0.830801944106926,0.8428435113946274,0.8488926927477362,0.8488926927477362,0.8488926927477362,0.8488926927477362
168,"MLP Hidden Layer (30,30,) tol 5e-5: Full Dataset Raw",4,business,0.9172856505303314,0.9087301587301587,0.8469015795868773,0.8469015795868773,0.8469015795868773,0.9377722850798351,0.9273113338902812,0.864701495626055,0.864701495626055,0.864701495626055
169,"MLP Hidden Layer (30,30,) tol 5e-5: Full Dataset Raw",4,cnn,0.0,0.0,0.8469015795868773,0.8469015795868773,0.8469015795868773,0.5,0.25,0.864701495626055,0.864701495626055,0.864701495626055
170,"MLP Hidden Layer (30,30,) tol 5e-5: Full Dataset Raw",4,entertainment,0.8362099856665073,0.7413793103448275,0.8469015795868773,0.8469015795868773,0.8469015795868773,0.8491187739463602,0.7758620689655171,0.864701495626055,0.864701495626055,0.864701495626055
171,"MLP Hidden Layer (30,30,) tol 5e-5: Full Dataset Raw",4,health,0.7900104376088068,0.9564220183486238,0.8469015795868773,0.8469015795868773,0.8469015795868773,0.8558680589779591,0.9726438698915763,0.864701495626055,0.864701495626055,0.864701495626055
172,"MLP Hidden Layer (30,30,) tol 5e-5: Full Dataset Raw",4,opinions,0.7524352576678157,0.503968253968254,0.8469015795868773,0.8469015795868773,0.8469015795868773,0.8352299404453011,0.5945980542754736,0.864701495626055,0.864701495626055,0.864701495626055
173,"MLP Hidden Layer (30,30,) tol 5e-5: Full Dataset Raw",4,politics,0.8505818160907507,0.8282608695652173,0.8469015795868773,0.8469015795868773,0.8469015795868773,0.8451179458225458,0.8959895052473763,0.864701495626055,0.864701495626055,0.864701495626055
174,"MLP Hidden Layer (30,30,) tol 5e-5: Full Dataset Raw",4,sport,0.9580411962764903,0.9669811320754718,0.8469015795868773,0.8469015795868773,0.8469015795868773,0.9205404383975813,0.9245283018867925,0.864701495626055,0.864701495626055,0.864701495626055
175,"MLP Hidden Layer (30,30,) tol 5e-5: Full Dataset Raw",4,style,0.0,0.0,0.8469015795868773,0.8469015795868773,0.8469015795868773,0.25,0.08333333333333333,0.864701495626055,0.864701495626055,0.864701495626055
176,"MLP Hidden Layer (30,30,) tol 5e-5: Full Dataset Raw",4,travel,0.0,0.0,0.8469015795868773,0.8469015795868773,0.8469015795868773,0.29166666666666663,0.25,0.864701495626055,0.864701495626055,0.864701495626055
177,"MLP Hidden Layer (30,30,) tol 5e-5: Full Dataset Raw",4,us,0.8214685739887353,0.7961538461538462,0.8469015795868773,0.8469015795868773,0.8469015795868773,0.7682004893839784,0.665204326923077,0.864701495626055,0.864701495626055,0.864701495626055
178,"MLP Hidden Layer (30,30,) tol 5e-5: Full Dataset Raw",4,weather,0.6948275862068964,0.8913043478260869,0.8469015795868773,0.8469015795868773,0.8469015795868773,0.8008241758241758,0.8953804347826086,0.864701495626055,0.864701495626055,0.864701495626055
179,"MLP Hidden Layer (30,30,) tol 5e-5: Full Dataset Raw",4,world,0.8383595070299711,0.8869047619047619,0.8469015795868773,0.8469015795868773,0.8469015795868773,0.8469735158996181,0.9058311947533504,0.864701495626055,0.864701495626055,0.864701495626055
180,"MLP Hidden Layer (30,30,) tol 5e-5: Full Dataset Raw",4,macro avg,0.6216016675888587,0.6233420582431041,0.8469015795868773,0.8469015795868773,0.8469015795868773,0.7251093575370019,0.6783902019957821,0.864701495626055,0.864701495626055,0.864701495626055
181,"MLP Hidden Layer (30,30,) tol 5e-5: Full Dataset Raw",4,weighted avg,0.8383300336490225,0.8469015795868773,0.8469015795868773,0.8469015795868773,0.8469015795868773,0.859668241995081,0.864701495626055,0.864701495626055,0.864701495626055,0.864701495626055
182,"MLP Hidden Layer (30,30,) tol 5e-5: Derived Dataset 1",4,business,0.9107542079548002,0.898148148148148,0.81591737545565,0.81591737545565,0.81591737545565,0.8889599548401774,0.9325744917850181,0.826698137193166,0.826698137193166,0.826698137193166
183,"MLP Hidden Layer (30,30,) tol 5e-5: Derived Dataset 1",4,cnn,0.0,0.0,0.81591737545565,0.81591737545565,0.81591737545565,0.375,0.25,0.826698137193166,0.826698137193166,0.826698137193166
184,"MLP Hidden Layer (30,30,) tol 5e-5: Derived Dataset 1",4,entertainment,0.7891544117647059,0.8706896551724137,0.81591737545565,0.81591737545565,0.81591737545565,0.826923076923077,0.7931034482758621,0.826698137193166,0.826698137193166,0.826698137193166
185,"MLP Hidden Layer (30,30,) tol 5e-5: Derived Dataset 1",4,health,0.8196387546719262,0.926605504587156,0.81591737545565,0.81591737545565,0.81591737545565,0.8628659416256135,0.9430567139282735,0.826698137193166,0.826698137193166,0.826698137193166
186,"MLP Hidden Layer (30,30,) tol 5e-5: Derived Dataset 1",4,opinions,0.6653563066273033,0.4722222222222222,0.81591737545565,0.81591737545565,0.81591737545565,0.7129115023935997,0.49001536098310294,0.826698137193166,0.826698137193166,0.826698137193166
187,"MLP Hidden Layer (30,30,) tol 5e-5: Derived Dataset 1",4,politics,0.7882048181724746,0.8065217391304348,0.81591737545565,0.81591737545565,0.81591737545565,0.821880270162597,0.8069715142428785,0.826698137193166,0.826698137193166,0.826698137193166
188,"MLP Hidden Layer (30,30,) tol 5e-5: Derived Dataset 1",4,sport,0.9153761504601841,0.8679245283018868,0.81591737545565,0.81591737545565,0.81591737545565,0.9040314843886272,0.8820754716981133,0.826698137193166,0.826698137193166,0.826698137193166
189,"MLP Hidden Layer (30,30,) tol 5e-5: Derived Dataset 1",4,style,0.0,0.0,0.81591737545565,0.81591737545565,0.81591737545565,0.0,0.0,0.826698137193166,0.826698137193166,0.826698137193166
190,"MLP Hidden Layer (30,30,) tol 5e-5: Derived Dataset 1",4,travel,0.0,0.0,0.81591737545565,0.81591737545565,0.81591737545565,0.5,0.25,0.826698137193166,0.826698137193166,0.826698137193166
191,"MLP Hidden Layer (30,30,) tol 5e-5: Derived Dataset 1",4,us,0.7157291596807727,0.726923076923077,0.81591737545565,0.81591737545565,0.81591737545565,0.668290581849507,0.62265625,0.826698137193166,0.826698137193166,0.826698137193166
192,"MLP Hidden Layer (30,30,) tol 5e-5: Derived Dataset 1",4,weather,0.7568979933110368,0.8152173913043478,0.81591737545565,0.81591737545565,0.81591737545565,0.8262820512820512,0.9375,0.826698137193166,0.826698137193166,0.826698137193166
193,"MLP Hidden Layer (30,30,) tol 5e-5: Derived Dataset 1",4,world,0.804784326624767,0.8392857142857143,0.81591737545565,0.81591737545565,0.81591737545565,0.8080927689254602,0.8549864556601083,0.826698137193166,0.826698137193166,0.826698137193166
194,"MLP Hidden Layer (30,30,) tol 5e-5: Derived Dataset 1",4,macro avg,0.5971580107723309,0.6019614983396167,0.81591737545565,0.81591737545565,0.81591737545565,0.6829364693658926,0.6469116422144464,0.826698137193166,0.826698137193166,0.826698137193166
195,"MLP Hidden Layer (30,30,) tol 5e-5: Derived Dataset 1",4,weighted avg,0.8074962344884363,0.81591737545565,0.81591737545565,0.81591737545565,0.81591737545565,0.8195615682124653,0.826698137193166,0.826698137193166,0.826698137193166,0.826698137193166
196,"MLP Hidden Layer (30,30,) tol 5e-5: Derived Dataset 2",4,business,0.8784383308632413,0.8796296296296295,0.7967800729040097,0.7967800729040097,0.7967800729040097,0.9135708212613961,0.8916248955722639,0.8209191788395077,0.8209191788395077,0.8209191788395077
197,"MLP Hidden Layer (30,30,) tol 5e-5: Derived Dataset 2",4,cnn,0.0,0.0,0.7967800729040097,0.7967800729040097,0.7967800729040097,0.375,0.25,0.8209191788395077,0.8209191788395077,0.8209191788395077
198,"MLP Hidden Layer (30,30,) tol 5e-5: Derived Dataset 2",4,entertainment,0.8159796069457531,0.5517241379310345,0.7967800729040097,0.7967800729040097,0.7967800729040097,0.7857905982905983,0.75,0.8209191788395077,0.8209191788395077,0.8209191788395077
199,"MLP Hidden Layer (30,30,) tol 5e-5: Derived Dataset 2",4,health,0.7759537593399053,0.9426605504587156,0.7967800729040097,0.7967800729040097,0.7967800729040097,0.8449862739445192,0.9521684737281069,0.8209191788395077,0.8209191788395077,0.8209191788395077
200,"MLP Hidden Layer (30,30,) tol 5e-5: Derived Dataset 2",4,opinions,0.6229736024844721,0.48809523809523814,0.7967800729040097,0.7967800729040097,0.7967800729040097,0.6203018707482993,0.44585253456221197,0.8209191788395077,0.8209191788395077,0.8209191788395077
201,"MLP Hidden Layer (30,30,) tol 5e-5: Derived Dataset 2",4,politics,0.8061170684154555,0.8282608695652174,0.7967800729040097,0.7967800729040097,0.7967800729040097,0.8048484121345084,0.8524550224887556,0.8209191788395077,0.8209191788395077,0.8209191788395077
202,"MLP Hidden Layer (30,30,) tol 5e-5: Derived Dataset 2",4,sport,0.9278311425682508,0.7924528301886793,0.7967800729040097,0.7967800729040097,0.7967800729040097,0.8880270464829287,0.8962264150943396,0.8209191788395077,0.8209191788395077,0.8209191788395077
203,"MLP Hidden Layer (30,30,) tol 5e-5: Derived Dataset 2",4,style,0.0,0.0,0.7967800729040097,0.7967800729040097,0.7967800729040097,0.0,0.0,0.8209191788395077,0.8209191788395077,0.8209191788395077
204,"MLP Hidden Layer (30,30,) tol 5e-5: Derived Dataset 2",4,travel,0.0,0.0,0.7967800729040097,0.7967800729040097,0.7967800729040097,0.75,0.25,0.8209191788395077,0.8209191788395077,0.8209191788395077
205,"MLP Hidden Layer (30,30,) tol 5e-5: Derived Dataset 2",4,us,0.7207597227334069,0.6192307692307693,0.7967800729040097,0.7967800729040097,0.7967800729040097,0.7166556044447758,0.5683293269230769,0.8209191788395077,0.8209191788395077,0.8209191788395077
206,"MLP Hidden Layer (30,30,) tol 5e-5: Derived Dataset 2",4,weather,0.7683880471380471,0.8152173913043478,0.7967800729040097,0.7967800729040097,0.7967800729040097,0.7697646414887793,0.8220108695652174,0.8209191788395077,0.8209191788395077,0.8209191788395077
207,"MLP Hidden Layer (30,30,) tol 5e-5: Derived Dataset 2",4,world,0.7720025341851011,0.855654761904762,0.7967800729040097,0.7967800729040097,0.7967800729040097,0.8035732169635963,0.8924116053607072,0.8209191788395077,0.8209191788395077,0.8209191788395077
208,"MLP Hidden Layer (30,30,) tol 5e-5: Derived Dataset 2",4,macro avg,0.5907036512228028,0.5644105148590327,0.7967800729040097,0.7967800729040097,0.7967800729040097,0.6893765404799502,0.6309232619412233,0.8209191788395077,0.8209191788395077,0.8209191788395077
209,"MLP Hidden Layer (30,30,) tol 5e-5: Derived Dataset 2",4,weighted avg,0.7893217449428787,0.7967800729040097,0.7967800729040097,0.7967800729040097,0.7967800729040097,0.8130786275290084,0.8209191788395077,0.8209191788395077,0.8209191788395077,0.8209191788395077
210,"MLP Hidden Layer (30,30,) tol 5e-5: Derived Dataset 3",4,business,0.9313782078487961,0.9153439153439152,0.8365735115431349,0.8365735115431349,0.8365735115431349,0.9373703895147283,0.9273113338902813,0.8513243045885771,0.8513243045885771,0.8513243045885771
211,"MLP Hidden Layer (30,30,) tol 5e-5: Derived Dataset 3",4,cnn,0.0,0.0,0.8365735115431349,0.8365735115431349,0.8365735115431349,0.5,0.25,0.8513243045885771,0.8513243045885771,0.8513243045885771
212,"MLP Hidden Layer (30,30,) tol 5e-5: Derived Dataset 3",4,entertainment,0.68796685340803,0.8103448275862069,0.8365735115431349,0.8365735115431349,0.8365735115431349,0.7513473884441626,0.853448275862069,0.8513243045885771,0.8513243045885771,0.8513243045885771
213,"MLP Hidden Layer (30,30,) tol 5e-5: Derived Dataset 3",4,health,0.838916440625329,0.9541284403669725,0.8365735115431349,0.8365735115431349,0.8365735115431349,0.8755608938172276,0.9589866555462887,0.8513243045885771,0.8513243045885771,0.8513243045885771
214,"MLP Hidden Layer (30,30,) tol 5e-5: Derived Dataset 3",4,opinions,0.6794134727061557,0.42857142857142855,0.8365735115431349,0.8365735115431349,0.8365735115431349,0.7804089975142606,0.48611111111111116,0.8513243045885771,0.8513243045885771,0.8513243045885771
215,"MLP Hidden Layer (30,30,) tol 5e-5: Derived Dataset 3",4,politics,0.8102644897135278,0.8152173913043478,0.8365735115431349,0.8365735115431349,0.8365735115431349,0.8236974989414427,0.8763493253373313,0.8513243045885771,0.8513243045885771,0.8513243045885771
216,"MLP Hidden Layer (30,30,) tol 5e-5: Derived Dataset 3",4,sport,0.9550860344137655,0.9056603773584906,0.8365735115431349,0.8365735115431349,0.8365735115431349,0.9076481162947329,0.9103773584905661,0.8513243045885771,0.8513243045885771,0.8513243045885771
217,"MLP Hidden Layer (30,30,) tol 5e-5: Derived Dataset 3",4,style,0.0,0.0,0.8365735115431349,0.8365735115431349,0.8365735115431349,0.25,0.08333333333333333,0.8513243045885771,0.8513243045885771,0.8513243045885771
218,"MLP Hidden Layer (30,30,) tol 5e-5: Derived Dataset 3",4,travel,0.0,0.0,0.8365735115431349,0.8365735115431349,0.8365735115431349,0.5,0.25,0.8513243045885771,0.8513243045885771,0.8513243045885771
219,"MLP Hidden Layer (30,30,) tol 5e-5: Derived Dataset 3",4,us,0.7379535270852756,0.7884615384615383,0.8365735115431349,0.8365735115431349,0.8365735115431349,0.7276524644945698,0.6615985576923077,0.8513243045885771,0.8513243045885771,0.8513243045885771
220,"MLP Hidden Layer (30,30,) tol 5e-5: Derived Dataset 3",4,weather,0.8269230769230769,0.8260869565217391,0.8365735115431349,0.8365735115431349,0.8365735115431349,0.8380132850241545,0.863677536231884,0.8513243045885771,0.8513243045885771,0.8513243045885771
221,"MLP Hidden Layer (30,30,) tol 5e-5: Derived Dataset 3",4,world,0.8243687821900112,0.8869047619047619,0.8365735115431349,0.8365735115431349,0.8365735115431349,0.8286520185893803,0.899860992301112,0.8513243045885771,0.8513243045885771,0.8513243045885771
222,"MLP Hidden Layer (30,30,) tol 5e-5: Derived Dataset 3",4,macro avg,0.6076892404094973,0.6108933031182834,0.8365735115431349,0.8365735115431349,0.8365735115431349,0.7266959210528884,0.6684212066496903,0.8513243045885771,0.8513243045885771,0.8513243045885771
223,"MLP Hidden Layer (30,30,) tol 5e-5: Derived Dataset 3",4,weighted avg,0.8256459324660812,0.8365735115431349,0.8365735115431349,0.8365735115431349,0.8365735115431349,0.8457122457878397,0.8513243045885771,0.8513243045885771,0.8513243045885771,0.8513243045885771